SejoonKim Dr_SejoonKim.jpeg
SeungWookKim Dr_SWKIM.jpg
YoungjaeKim Dr_YoungjaeKim.jpeg
JuhoKim Dr_JuhoKim.jpeg
JonghoNang Dr_JonghoNang.jpg
SungYongPark Dr_SungYongPark.png
SuyongPark Dr_SuyongPark.jpeg
SungwonJung Dr_SungwonJung.jpg
EuhyeonMoon Dr_EuhyeonMoon.jpg
UnsangPark Dr_UnsangPark.jpg
JungminSo Dr_JungminSo.jpeg
JunseokChoe Dr_JunseokChoe.png
HyungsuChang Dr_HyungsuChang.jpg
InsungIm Dr_InsungIm.jpg
HyukjunLee Dr_HyukjunLee.jpg
JuhoLee Dr_JuhoLee.png